{
  "results": {
    "BTC": {
      "fitness": 16.939191709339028,
      "genes": {
        "rsi_buy": 45,
        "rsi_sell": 79,
        "tp": 0.092,
        "sl": 0.034
      }
    },
    "ETH": {
      "fitness": 17.355342681770935,
      "genes": {
        "rsi_buy": 29,
        "rsi_sell": 79,
        "tp": 0.054,
        "sl": 0.042
      }
    },
    "SOL": {
      "fitness": 18.13380098923004,
      "genes": {
        "rsi_buy": 45,
        "rsi_sell": 76,
        "tp": 0.082,
        "sl": 0.054
      }
    },
    "XRP": {
      "fitness": 13.882506263242988,
      "genes": {
        "rsi_buy": 24,
        "rsi_sell": 77,
        "tp": 0.17,
        "sl": 0.048
      }
    },
    "ADA": {
      "fitness": 13.90917321584054,
      "genes": {
        "rsi_buy": 43,
        "rsi_sell": 63,
        "tp": 0.079,
        "sl": 0.025
      }
    },
    "DOGE": {
      "fitness": 31.038946303610032,
      "genes": {
        "rsi_buy": 45,
        "rsi_sell": 80,
        "tp": 0.068,
        "sl": 0.021
      }
    },
    "LINK": {
      "fitness": 32.226520565871,
      "genes": {
        "rsi_buy": 44,
        "rsi_sell": 77,
        "tp": 0.06,
        "sl": 0.034
      }
    }
  },
  "allocations": {
    "LINK": 0.22459777935414002,
    "DOGE": 0.21632116315610042,
    "SOL": 0.12638073741489247,
    "ETH": 0.12095539195081345,
    "BTC": 0.11805509174331116,
    "ADA": 0.09693784380304027,
    "XRP": 0.09675199257770212
  },
  "timestamp": "2026-05-10T14:25:48.447884"
}