{
  "timestamp": "2026-05-10T17:35:40.712691",
  "optimized_params": {
    "BTC": {
      "rsi_buy": 45,
      "rsi_sell": 79,
      "tp": 0.092,
      "sl": 0.034
    },
    "ETH": {
      "rsi_buy": 45,
      "rsi_sell": 79,
      "tp": 0.054,
      "sl": 0.042
    },
    "SOL": {
      "rsi_buy": 45,
      "rsi_sell": 76,
      "tp": 0.082,
      "sl": 0.054
    },
    "DOGE": {
      "rsi_buy": 50,
      "rsi_sell": 80,
      "tp": 0.07,
      "sl": 0.03
    },
    "LINK": {
      "rsi_buy": 45,
      "rsi_sell": 77,
      "tp": 0.06,
      "sl": 0.045
    }
  },
  "top5_coins": [
    "DOGE",
    "LINK",
    "BTC",
    "ETH",
    "SOL"
  ],
  "coin_data": {
    "BTC": {
      "ret": 19.528653166310875,
      "wr": 75.0,
      "trades": 8
    },
    "ETH": {
      "ret": 18.384118854654204,
      "wr": 85.71428571428571,
      "trades": 7
    },
    "SOL": {
      "ret": 15.932633091964291,
      "wr": 80.0,
      "trades": 10
    },
    "XRP": {
      "ret": 11.496813791342404,
      "wr": 83.33333333333334,
      "trades": 6
    },
    "ADA": {
      "ret": 12.63528944776212,
      "wr": 78.94736842105263,
      "trades": 19
    },
    "DOGE": {
      "ret": 28.460264235589335,
      "wr": 77.77777777777779,
      "trades": 9
    },
    "LINK": {
      "ret": 27.978484827090853,
      "wr": 83.33333333333334,
      "trades": 12
    },
    "AVAX": {
      "ret": 13.846946883871183,
      "wr": 57.14285714285714,
      "trades": 7
    },
    "ATOM": {
      "ret": 11.605970861932406,
      "wr": 66.66666666666666,
      "trades": 9
    }
  }
}