{
  "timestamp": "2026-05-10T17:31:10.018169",
  "results": {
    "BTC": {
      "g19": 19.528653166310875,
      "g20": 16.56550984708052,
      "g20.1": 5.895650050946287,
      "g20.2": 16.56550984708052
    },
    "ETH": {
      "g19": 18.384118854654204,
      "g20": 8.225928255906823,
      "g20.1": -8.087133528227355,
      "g20.2": 8.225928255906823
    },
    "SOL": {
      "g19": 15.932633091964291,
      "g20": 12.786692197613434,
      "g20.1": 8.434553737962787,
      "g20.2": 12.786692197613434
    },
    "XRP": {
      "g19": 11.496813791342404,
      "g20": 8.799524762320544,
      "g20.1": 3.348841542475242,
      "g20.2": 8.799524762320544
    },
    "ADA": {
      "g19": 12.63528944776212,
      "g20": 10.409927630154357,
      "g20.1": 3.408047112236005,
      "g20.2": 10.409927630154357
    },
    "DOGE": {
      "g19": 28.460264235589335,
      "g20": 28.386795748757777,
      "g20.1": 15.614787033815787,
      "g20.2": 28.386795748757777
    },
    "LINK": {
      "g19": 27.978484827090853,
      "g20": 31.02175666101553,
      "g20.1": 9.79571872246953,
      "g20.2": 31.02175666101553
    }
  },
  "averages": {
    "G19": 19.2023224878163,
    "G20": 16.59944787183557,
    "G20.1": 5.487209238811183,
    "G20.2": 16.59944787183557
  }
}