{
  "timestamp": "2026-05-10T20:44:53.676138",
  "g20_avg_return": 20.01411290492437,
  "g21_avg_return": 16.495983918797897,
  "g20_win_rate": 74.64788732394366,
  "g21_win_rate": 64.83516483516483,
  "comparison": "G20"
}